ticket,domain,risk,decision,response
My card was charged twice for the same transaction,Visa,low,respond,"Your duplicate charge has been noted. Double charges are usually reversed automatically within 3-5 business days. If it does not reverse, contact your bank to file a dispute with the transaction reference number."
I think my card was used fraudulently without my permission,Visa,high,escalate,We have escalated your case to our fraud team as a high priority. Please call the number on the back of your card immediately to block it and report the unauthorized usage. Visa's Zero Liability Policy protects you from fraudulent charges.
Refund not received after cancelling my payment,Visa,low,respond,"Refunds on Visa transactions typically take 5-10 business days to appear after the merchant processes the return. If it has been longer, contact the merchant first, then your bank with the refund reference."
My Visa card was declined at the store,Visa,low,respond,"Card declines can happen due to an incorrect PIN, expired card, or a temporary block by your bank. Try again with the correct PIN, or contact your bank to check if the card is active and has no restrictions."
Someone made purchases on my card that I did not authorize,Visa,high,escalate,This has been flagged as a high-priority fraud case. Call your bank immediately to block the card and dispute all unauthorized transactions. Under Visa's Zero Liability Policy you are not responsible for unauthorized charges reported promptly.
I was overcharged by a merchant on my Visa card,Visa,medium,respond_and_escalate,"Please contact the merchant first to request a correction. If they do not resolve it within 7 days, file a dispute with your bank under the billing error category. We have also flagged this for follow-up."
My Visa card expired and I need a replacement,Visa,low,respond,Contact your bank to request a replacement card. Most banks automatically issue a new card before expiry — check if one is already in transit. Replacement cards typically arrive within 5-10 business days.
I cannot find my Visa card — I think it is lost,Visa,medium,respond_and_escalate,Report your card as lost to your bank immediately so it can be blocked. A replacement card will be issued within 5-10 business days. Monitor your recent transactions and dispute any unfamiliar charges.
My Visa card was stolen,Visa,high,escalate,This is a high-priority case. Contact your bank immediately to block the card and report it stolen. File a police report and share the reference with your bank. All unauthorized transactions will be covered under Visa Zero Liability.
How do I dispute a transaction on my Visa card,Visa,low,respond,"Log in to your bank's app or website, go to your transaction history, and select the transaction to dispute. Alternatively, call your bank's customer service. Disputes must typically be filed within 60-120 days of the statement date."
My bank says the refund was processed but I still do not see it,Visa,low,respond,"Refunds can take 1-3 extra business days to reflect after the bank processes them. Check with both the merchant and your bank using the refund reference number. If it still does not appear, escalate with your bank."
I was charged for a subscription I already cancelled,Visa,medium,respond_and_escalate,"Contact the subscription service with your cancellation confirmation. If they do not refund within 7 days, file a billing dispute with your bank. We have flagged this for further review on our end."
What is the Visa Zero Liability Policy,Visa,low,respond,"Visa's Zero Liability Policy means you are not responsible for unauthorized transactions made on your card, as long as you report them promptly. Contact your bank as soon as you notice any suspicious charges."
My card was compromised in a data breach,Visa,high,escalate,This has been escalated as a high-priority security case. Your bank will likely proactively send you a replacement card. Monitor all recent transactions and dispute any unauthorized charges immediately.
How long does a chargeback take to resolve,Visa,low,respond,Chargeback investigations typically take 30-90 days depending on the complexity and the merchant's response. Your bank will notify you of the outcome. Keep all documentation related to the transaction.
I see a small unfamiliar charge on my statement,Visa,medium,respond_and_escalate,"Small unfamiliar charges are often subscription verification charges. Check your active subscriptions first. If you cannot identify the charge, contact your bank to dispute it and block future charges from that merchant."
My international transaction was declined,Visa,low,respond,International transactions can be declined if your bank has not enabled them for your card. Contact your bank to enable international usage before travelling. Also inform them of your travel dates to prevent fraud blocks.
I was charged a foreign transaction fee I was not aware of,Visa,low,respond,"Foreign transaction fees are outlined in your card agreement — typically 1-3% per transaction. Review your card terms to verify. If the fee was applied incorrectly, contact your bank with the transaction details to dispute it."
How do I enable international transactions on my Visa card,Visa,low,respond,"Log in to your bank's app and go to Card Settings to enable international usage. Alternatively, call your bank's customer service. It is also advisable to inform your bank of your travel dates to prevent automatic fraud blocks."
My Visa card payment went through but the merchant says they did not receive it,Visa,medium,respond_and_escalate,"This can happen due to a processing delay. Share the payment confirmation and transaction ID with the merchant. If they still cannot locate it after 3 business days, contact your bank to trace the payment."
Can I get a virtual Visa card for online purchases,Visa,low,respond,Many banks offer virtual card numbers for online purchases through their app or website. Contact your bank to check if this feature is available. Virtual cards add an extra layer of security for online transactions.
My Visa card was blocked by my bank without any notice,Visa,low,respond,Banks can temporarily block cards if they detect unusual activity. Contact your bank to verify your identity and request the block to be removed. They will confirm recent transactions and lift the block once verified.
I want to cancel a transaction I just made,Visa,medium,respond_and_escalate,"Contact the merchant immediately to request a cancellation before the payment settles. Once settled, you will need to request a refund from the merchant or file a dispute with your bank if the merchant refuses."
My Visa prepaid card balance is incorrect,Visa,low,respond,"Log in to your prepaid card account to check your transaction history for any unexpected deductions. If the balance is still incorrect, contact the prepaid card issuer with your card details and a description of the discrepancy."
How do I set a spending limit on my Visa card,Visa,low,respond,"Spending limits can be set through your bank's mobile app under Card Settings. Some banks allow daily, weekly, or per-transaction limits. Contact your bank if the option is not visible in the app."
I received a Visa card I did not apply for,Visa,high,escalate,This could indicate identity theft. Do not activate the card. Contact the issuing bank immediately and report that you did not apply for this card. Also place a fraud alert with the credit bureaus.
My Visa card PIN is blocked after too many wrong attempts,Visa,low,respond,"A blocked PIN can be unblocked at your bank's ATM using your card and a new PIN, or by visiting a branch. Do not attempt more wrong PINs as this may lock the card entirely."
I was charged in the wrong currency for an online purchase,Visa,low,respond,This may be due to the merchant's dynamic currency conversion. You can dispute the exchange rate with your bank if you were not clearly offered a choice of currency at checkout.
Merchant is refusing to refund my Visa card payment,Visa,medium,respond_and_escalate,"If the merchant is refusing a legitimate refund, contact your bank to initiate a chargeback. Provide transaction proof, your refund request evidence, and the merchant's refusal. Chargebacks can be filed within 60-120 days of the transaction."
I accidentally sent money to the wrong account using my Visa card,Visa,high,escalate,"Contact your bank immediately and report the mistaken transfer with the transaction details. Banks can sometimes recover funds if the recipient's bank cooperates. The sooner you report it, the better the chances of recovery."
My Visa card payment is pending for more than 5 days,Visa,low,respond,"Pending transactions usually settle within 1-5 business days. If it has exceeded this, contact your bank with the transaction ID to check the status and request it be released or settled."
I want to know my Visa card credit limit,Visa,low,respond,Your credit limit is shown in your bank's mobile app under Account Details or Card Information. You can also call your bank's customer service to confirm your current limit and available credit.
How do I report a Visa card skimming incident,Visa,high,escalate,This is a high-priority fraud case. Block your card immediately by calling your bank. Report the skimming incident to the bank and local authorities. Your bank will issue a replacement card and investigate unauthorized transactions.
My Visa contactless payment is not working,Visa,low,respond,"Ensure contactless is enabled in your bank's app under Card Settings. Try tapping the card closer to the terminal reader. If it still fails, use the chip or swipe method and contact your bank to check contactless settings."
I want to increase my Visa card credit limit,Visa,low,respond,"Contact your bank to request a credit limit increase. They will review your credit history and income. You can submit the request through the bank's app, website, or customer service."
Why was my Visa card charged a maintenance fee,Visa,low,respond,"Maintenance or annual fees are specified in your card agreement. Review your terms to verify the fee is correct. If it was charged incorrectly or you were not informed, contact your bank to dispute it."
My Visa transaction is showing as failed but money was deducted,Visa,medium,respond_and_escalate,Failed transactions where money was deducted are usually auto-reversed within 3-7 business days. Contact your bank with the transaction ID if it does not reverse. We have also escalated this for review.
I cannot use my Visa card for online payments,Visa,low,respond,Online payments may be blocked if 3D Secure is not set up or if your bank requires OTP verification. Enable online transactions in your bank's app and ensure your registered mobile number is active for OTP.
My Visa reward points are missing,Visa,low,respond,"Reward points usually take 2-7 business days to credit after a transaction. Log in to your rewards portal to check. If points are still missing, contact your bank with the transaction details."
How do I activate my new Visa card,Visa,low,respond,"Activate your new Visa card through your bank's mobile app under Card Management, or by making a chip-and-PIN transaction at an ATM or store. Some banks also allow activation by calling customer service."
I want to temporarily block my Visa card,Visa,low,respond,You can temporarily block your Visa card through your bank's mobile app under Card Settings — look for Freeze Card or Lock Card. This prevents all new transactions while keeping the card active for future use.
My Visa card statement has an error,Visa,low,respond,"Download your statement from your bank's app and compare each transaction. For any incorrect entries, raise a dispute with your bank directly. Keep supporting documents like receipts or screenshots ready."
Why was I charged twice for an online subscription,Visa,medium,respond_and_escalate,"Double charges on subscriptions can happen due to a payment processing error. Contact the subscription service first. If unresolved in 7 days, file a billing dispute with your bank for the duplicate charge."
I want to close my Visa card account,Visa,low,respond,Contact your bank to request account closure. Ensure all outstanding balances are cleared and any automatic payments are updated to a different card before closing. Confirm the closure in writing.
My Visa card was used at a location I have never been to,Visa,high,escalate,This indicates possible fraudulent use. Block your card immediately through your bank's app or by calling customer service. Dispute the unauthorized transactions under Visa Zero Liability protection.
I did not receive my Visa card after applying,Visa,low,respond,"Visa cards typically take 7-14 business days to arrive after application approval. Check your application status in your bank's app. If it has been over 14 days, contact your bank to reissue the card."
Can I use my Visa card at an ATM abroad,Visa,low,respond,"Yes, Visa cards are accepted at most international ATMs. Inform your bank of your travel plans to prevent blocks. Note that international ATM withdrawals may incur a foreign transaction fee and currency conversion charges."
I was charged interest on my Visa card even though I paid in full,Visa,low,respond,"Interest can sometimes be charged due to a residual balance from the previous cycle. Check your statement carefully. If you believe it was charged in error, contact your bank with your payment confirmation."
My Visa card was not accepted at a specific store,Visa,low,respond,"Some merchants do not accept certain card types or networks. Confirm the store accepts Visa. If they do and your card is still declined, contact your bank to ensure there are no restrictions on the card."
How do I dispute an ATM withdrawal I did not make,Visa,high,escalate,"This is a high-priority fraud case. Report the unauthorized ATM withdrawal to your bank immediately. They will investigate the transaction, check CCTV records if needed, and reverse the amount if fraud is confirmed."
I want to add my Visa card to Google Pay,Visa,low,respond,"Open Google Pay, go to Payment Methods, and tap Add a Card. Enter your Visa card details or scan the card. Your bank may send an OTP for verification. Once verified, the card will be ready for contactless payments."
My Visa card was charged for a service I never received,Visa,medium,respond_and_escalate,"Contact the merchant to request a refund for the undelivered service. If they refuse, file a chargeback with your bank providing proof that the service was not delivered. We have flagged this for escalation."
Why is my Visa card showing available balance lower than expected,Visa,low,respond,"Pending authorizations from recent transactions can temporarily reduce your available balance. These holds are released once the transaction settles or the merchant cancels the authorization, usually within 3-7 days."
I want to dispute a hotel charge on my Visa card,Visa,medium,respond_and_escalate,"Contact the hotel first to resolve any billing discrepancy. If they do not cooperate, file a chargeback with your bank. Provide your booking confirmation, check-in/check-out dates, and the disputed charge details."
I received a phishing email asking for my Visa card details,Visa,high,escalate,"Do not click any links or share any details. Report the email to your bank and to the Anti-Phishing Working Group at reportphishing@apwg.org. If you already shared details, block your card immediately."
I was charged a late payment fee on my Visa card,Visa,low,respond,"Late fees are charged when payment is not received by the due date. If you believe you paid on time, contact your bank with your payment confirmation. You can also request a one-time waiver if this is your first late payment."
How do I check my Visa card transaction history,Visa,low,respond,"Log in to your bank's mobile app or internet banking portal to view your transaction history. You can usually filter by date, amount, or merchant. Monthly statements are also available for download."
My Visa card payment did not go through on an e-commerce site,Visa,low,respond,"Online payment failures can be caused by incorrect card details, a bank block on online transactions, or 3D Secure issues. Verify your card details, check if online payments are enabled in your bank's app, and retry."
I want to know the status of my Visa chargeback,Visa,low,respond,Chargeback investigations take 30-90 days. Contact your bank with your chargeback reference number to get a status update. The bank will notify you of the final outcome once the investigation is complete.
My Visa card was used for a transaction in another country without my knowledge,Visa,high,escalate,This is a high-priority international fraud case. Block your card immediately and file a fraud report with your bank. All unauthorized international transactions are covered under Visa Zero Liability if reported promptly.
How do I set up autopay for my Visa credit card,Visa,low,respond,"Set up autopay through your bank's mobile app under Bill Pay or Auto Payment. You can choose to pay the minimum due, the statement balance, or a fixed amount each month. Ensure your linked bank account has sufficient funds."
My Amazon order has not arrived yet,Amazon,low,respond,"Track your order under Your Orders → Track Package. If the estimated delivery date has passed, select Problem with order → Package didn't arrive to report it. Amazon will investigate and arrange a replacement or refund."
I received the wrong item from Amazon,Amazon,low,respond,Go to Your Orders → Return or Replace Items → Wrong item was sent. Amazon will arrange a return pickup and send the correct item or process a refund within 3-5 business days.
My Amazon package is marked as delivered but I did not receive it,Amazon,medium,respond_and_escalate,"Wait 48 hours as packages can sometimes be delivered slightly late. If still missing, go to Your Orders → Problem with Order → Package didn't arrive. Amazon will investigate and offer a refund or replacement."
I was charged twice for the same Amazon order,Amazon,medium,respond_and_escalate,Go to Your Account → Payment Settings → View Transactions to verify the duplicate charge. Contact Amazon support with both transaction IDs. Duplicate charges are usually resolved within 3-5 business days.
I want to return an item I bought on Amazon,Amazon,low,respond,"Go to Your Orders → Return or Replace Items within 30 days of delivery. Select your return reason, print the label, and drop it at the nearest courier pickup point. Refunds are processed within 3-5 days of return receipt."
My Amazon refund has not been received,Amazon,low,respond,"Refunds take 3-5 business days after Amazon processes them. Check Your Orders → Refund Status to confirm it was processed. If the refund date has passed, contact Amazon support with your order ID."
The Amazon seller sent me a fake product,Amazon,high,escalate,This is a serious issue. Report the seller under the product listing → Report an issue → This product is counterfeit. File an A-to-Z Guarantee claim for a full refund. We have escalated this case for priority review.
My Amazon Prime membership was charged without my consent,Amazon,medium,respond_and_escalate,"Check your Prime membership status under Your Account → Prime Membership. If it was auto-renewed unexpectedly, contact Amazon support to request a refund within 3 days of the charge. We have flagged this for escalation."
How do I cancel my Amazon Prime subscription,Amazon,low,respond,Go to Your Account → Prime Membership → End Membership and Benefits. Follow the prompts to cancel. Your Prime benefits continue until the end of the current billing period.
I want to know the status of my Amazon order,Amazon,low,respond,"Go to Your Orders in the Amazon app or website. Click on the order to see real-time tracking information including the carrier name, tracking number, and estimated delivery date."
My Amazon order was cancelled automatically,Amazon,low,respond,"Automatic cancellations can occur if payment fails or the item is out of stock. Check your payment method and retry, or search for the item again. Any charge for a cancelled order is refunded within 3-5 business days."
The Amazon item I received is damaged,Amazon,low,respond,Report the damaged item under Your Orders → Problem with Order → Item arrived damaged. Amazon will arrange a free replacement or full refund. You may be asked to return the damaged item.
I cannot log in to my Amazon account,Amazon,medium,respond_and_escalate,"Try resetting your password via the Forgot Password link on the login page. If you suspect unauthorized access, contact Amazon support immediately to secure your account."
My Amazon account was hacked,Amazon,high,escalate,This is a high-priority security case. Change your password immediately at amazon.com/a/settings/approval. Review all recent orders and report any unauthorized purchases. We have escalated this for immediate review.
I ordered from Amazon but the seller is not responding,Amazon,medium,respond_and_escalate,"If the seller is unresponsive after 2 business days, you can open an A-to-Z Guarantee claim through Your Orders → Problem with Order. This protects your purchase and allows Amazon to step in for resolution."
How do I track my Amazon return shipment,Amazon,low,respond,"After initiating a return, go to Your Orders → Return Status to see the return tracking details. You can also track it using the carrier's tracking number provided at the time of the return label generation."
My Amazon gift card balance is missing,Amazon,medium,respond_and_escalate,"Go to Your Account → Gift Cards to check your balance. If it is missing, contact Amazon support with the gift card code and proof of purchase. We have flagged this for review."
I placed a duplicate Amazon order by mistake,Amazon,low,respond,"Cancel the duplicate order immediately by going to Your Orders → Cancel Items. If the order has already shipped, initiate a return upon delivery for a full refund."
Amazon delivered my order to the wrong address,Amazon,medium,respond_and_escalate,Contact Amazon support immediately under Your Orders → Problem with Order → Shipped to wrong address. Amazon will investigate and arrange a replacement or refund. We have escalated this case.
I want to know Amazon's return policy,Amazon,low,respond,Most Amazon items can be returned within 30 days of delivery for a full refund. Some categories like electronics may have a 15-day window. Go to Your Orders → Return or Replace Items to initiate a return.
My Amazon subscribe and save order did not arrive,Amazon,low,respond,"Check your Subscribe and Save order status under Your Account → Subscribe and Save. If the delivery is delayed, contact Amazon support with the subscription order ID for a replacement or refund."
I was scammed by an Amazon third-party seller,Amazon,high,escalate,This is a high-priority fraud case. Report the seller via the product listing and file an A-to-Z Guarantee claim immediately. Amazon's guarantee covers purchases from third-party sellers. We have escalated this for urgent review.
How do I change my delivery address on Amazon,Amazon,low,respond,"You can change your delivery address before the order ships by going to Your Orders → Change delivery instructions. If the order has already shipped, contact Amazon support — address changes may not always be possible."
Amazon charged me but the order was never placed,Amazon,medium,respond_and_escalate,"Check Your Orders to confirm if an order exists. If not, this could be an authorization hold that will release in 3-7 days. Contact Amazon support with the transaction ID if the charge does not reverse."
My Amazon Prime Video is not playing,Amazon,low,respond,Try clearing the app cache or reinstalling the Amazon Prime Video app. Check your internet speed — at least 5 Mbps is needed for HD streaming. Sign out and back in to refresh your subscription status.
I want to delete my Amazon account,Amazon,low,respond,"Go to amazon.com/privacycentral to submit an account deletion request. Note that all your order history, reviews, and saved data will be permanently deleted. Outstanding orders should be completed before deletion."
I received a defective electronic item from Amazon,Amazon,medium,respond_and_escalate,Report the defective item under Your Orders → Return or Replace Items → Item is defective within 15-30 days. Amazon will arrange a replacement or refund. Electronics may be subject to a shorter return window.
How do I contact Amazon customer service,Amazon,low,respond,"Go to amazon.com → Help → Contact Us. You can choose to chat live, request a callback, or send an email. Have your order ID ready for faster resolution."
My Amazon Kindle book purchase is not showing in my library,Amazon,low,respond,"Go to Your Account → Content and Devices → Books to find your purchase. If it is missing, try syncing your Kindle. If still not found, contact Amazon with your order ID to have the book re-delivered to your device."
Amazon applied the wrong coupon to my order,Amazon,low,respond,"If the wrong coupon was applied, contact Amazon support immediately before the order ships. Once shipped, you can request a price adjustment. Provide the correct coupon code and your order ID."
My Amazon order shows out for delivery but has not arrived,Amazon,low,respond,"Out for delivery updates can sometimes precede the actual delivery by several hours. Wait until end of day. If still not delivered, go to Your Orders → Problem with Order → Package did not arrive."
I want to dispute an Amazon charge on my credit card,Amazon,medium,respond_and_escalate,"Contact Amazon support first to resolve the billing issue. If unresolved, you can file a dispute with your bank. However, filing an A-to-Z Guarantee claim with Amazon is usually faster and does not require bank involvement."
My Amazon order is stuck in transit,Amazon,low,respond,"Delays in transit can occur due to weather or logistics issues. Track your package using the carrier tracking number. If the package has not moved in 5+ business days, contact Amazon to initiate a trace or replacement."
I was sent an incomplete Amazon order,Amazon,low,respond,Report the incomplete delivery under Your Orders → Problem with Order → Missing items. Amazon will arrange delivery of the missing items or a partial refund for the items not received.
How do I leave a review on Amazon,Amazon,low,respond,"Go to Your Orders → Write a Product Review next to the item. You can rate the product, add a written review, and upload photos. Reviews help other customers make better purchase decisions."
Amazon is showing an incorrect price for an item I already ordered,Amazon,low,respond,"Amazon's prices can change frequently. Once an order is placed, the price at checkout is final. If you believe there is a pricing error, contact Amazon support for a price adjustment review."
My Amazon account is locked,Amazon,medium,respond_and_escalate,"Account locks can occur due to unusual activity or a security flag. Contact Amazon support to verify your identity and unlock the account. Have your registered email, phone number, and recent order details ready."
I want to know if my Amazon order is eligible for free delivery,Amazon,low,respond,"Free delivery eligibility depends on your Prime membership, order total, and item type. Check the delivery details on the product page or in Your Cart before placing the order."
I received an Amazon package that is not mine,Amazon,low,respond,Do not open the package. Go to Your Orders → Problem with Order → Received someone else's package. Amazon will arrange for the correct package to be collected and your order resolved.
My Amazon music subscription is not working,Amazon,low,respond,Sign out of Amazon Music and sign back in. Clear the app cache or reinstall the app. Ensure your Prime or Amazon Music Unlimited subscription is active under Your Account → Prime Membership or Subscriptions.
How do I add an item to my Amazon wishlist,Amazon,low,respond,"On any product page, click Add to Wish List and select the list to add it to. You can manage your wishlists under Accounts and Lists → Your Lists in the Amazon menu."
My Amazon seller account was suspended,Amazon,high,escalate,Seller account suspensions require an appeal through Seller Central → Performance Notifications. Carefully review the suspension reason and submit a Plan of Action addressing each issue. We have escalated this for priority support.
I want to know how Amazon handles my personal data,Amazon,low,respond,"Amazon's privacy policy is available at amazon.com/privacy. You can manage your data preferences under Your Account → Privacy Settings, including advertising preferences, Alexa history, and browsing data."
My Amazon Alexa is not responding,Amazon,low,respond,Check that Alexa is connected to Wi-Fi and the indicator ring is blue when you speak. Restart the device and check the Alexa app for any error notifications. Ensure the wake word detection is enabled.
I want to update my payment method on Amazon,Amazon,low,respond,Go to Your Account → Payment Settings → Manage Payment Methods. Add a new card or UPI ID and set it as default. Update existing orders to the new payment method if needed.
My Amazon order was delivered to a neighbor without my permission,Amazon,medium,respond_and_escalate,"Contact Amazon support and report that the package was left with a neighbor without authorization. If you cannot retrieve it, Amazon may issue a replacement or refund. We have flagged this for review."
Amazon rejected my return request,Amazon,medium,respond_and_escalate,"If your return was rejected, contact Amazon support to appeal the decision with your reason for return. Some items like digital content and perishables may be non-returnable per Amazon's policy."
My Amazon account shows orders I did not place,Amazon,high,escalate,Unauthorized orders indicate account compromise. Change your password immediately and sign out of all devices under Your Account → Login and Security. Contact Amazon to report and reverse the unauthorized orders.
I want to know if Amazon delivered my package to a pickup point,Amazon,low,respond,"If your package was delivered to a pickup point, you will receive an email notification with the location and pickup code. Go to the designated Amazon Hub Locker or pickup point within the specified timeframe to collect it."
I want a GST invoice for my Amazon order,Amazon,low,respond,"To get a GST invoice, ensure your GST number is saved under Your Account → GST Number. After placing the order, go to Your Orders → Invoice to download the GST invoice. Not all sellers on Amazon are GST-registered."
My iPhone is not turning on,Apple,medium,respond_and_escalate,"Connect your iPhone to a charger for at least 30 minutes. Then perform a force restart by pressing Volume Up, Volume Down, and holding the Side button until the Apple logo appears. If it still does not turn on, visit an Apple Store Genius Bar."
My Apple account was hacked,Apple,high,escalate,Go to appleid.apple.com immediately to change your password and enable two-factor authentication. Sign out of all devices under Settings → Your Name → Sign Out. Contact Apple Support to report unauthorized access.
I was charged for an App Store purchase I did not make,Apple,high,escalate,Go to reportaproblem.apple.com to request a refund for unauthorized purchases. Change your Apple ID password and enable two-factor authentication. We have escalated this as a high-priority fraud case.
My iPhone screen is cracked,Apple,low,respond,Schedule a screen repair at an Apple Store or Apple Authorized Service Provider via getsupport.apple.com. Screen replacement is covered under AppleCare+ for a service fee. Out-of-warranty repairs are charged at standard rates.
My MacBook is not charging,Apple,low,respond,"Try a different charging cable and adapter. Check for debris in the USB-C port. Reset the SMC by shutting down, holding Shift+Control+Option+Power for 10 seconds, then powering on. Contact Apple Support if the issue persists."
My iPhone was stolen,Apple,high,escalate,This is a high-priority case. Immediately enable Lost Mode via Find My at findmy.apple.com to lock the device and display a contact message. Report the theft to local police and contact your carrier to block the SIM.
My iCloud storage is full,Apple,low,respond,"Go to Settings → Your Name → iCloud → Manage Storage to see what is using space. You can delete backups, photos, or purchase more iCloud storage starting at a low monthly fee. iCloud+ plans offer 50GB, 200GB, and 2TB options."
My Apple Watch is not syncing with my iPhone,Apple,low,respond,"Ensure Bluetooth is enabled on your iPhone and the Apple Watch is within range. Restart both devices. If syncing still fails, unpair and re-pair the Apple Watch through the Watch app on your iPhone."
I forgot my Apple ID password,Apple,low,respond,"Go to appleid.apple.com and click Forgot Apple ID or Password. Follow the steps to reset via trusted phone number, trusted device, or account recovery. Keep your recovery key if you have one enabled."
My AirPods are not connecting to my iPhone,Apple,low,respond,"Put AirPods in the case and close it for 30 seconds. Open the case near your iPhone and a connection prompt should appear. If not, go to Settings → Bluetooth and forget the AirPods, then re-pair from the case."
How do I cancel an Apple subscription,Apple,low,respond,Go to Settings → Your Name → Subscriptions. Select the subscription you want to cancel and tap Cancel Subscription. Your access continues until the end of the current billing period.
My iPhone is running very slow,Apple,low,respond,Free up storage by deleting unused apps and offloading large files. Go to Settings → General → iPhone Storage for recommendations. Also check for pending iOS updates and close background apps by swiping them away.
My MacBook keyboard is not working,Apple,medium,respond_and_escalate,"Restart your MacBook first. If specific keys are unresponsive, there may be a hardware issue. MacBook keyboard repairs are covered under AppleCare+. Book a Genius Bar appointment at an Apple Store for diagnosis."
I cannot download apps from the App Store,Apple,low,respond,"Check your Apple ID payment method is valid under Settings → Your Name → Payment and Shipping. Ensure your iOS is up to date. If the issue persists, sign out of the App Store and sign back in."
My iPhone battery drains very fast,Apple,low,respond,Go to Settings → Battery to see which apps use the most battery. Enable Low Power Mode under Settings → Battery. Consider replacing the battery if its maximum capacity is below 80% — check under Settings → Battery → Battery Health.
My iCloud photos are not syncing,Apple,low,respond,Go to Settings → Your Name → iCloud → Photos and ensure iCloud Photos is enabled. Check that you have enough iCloud storage. Make sure your iPhone is connected to Wi-Fi for photo uploads.
My Apple Pay is not working,Apple,low,respond,Ensure your card is properly added to Apple Pay under Settings → Wallet and Apple Pay. Check with your bank that they support Apple Pay. Also verify that NFC is enabled and your device is unlocked when tapping to pay.
My iPhone is stuck on the Apple logo,Apple,medium,respond_and_escalate,"Force restart your iPhone. If it remains stuck, connect it to a Mac and use Finder to restore iOS. Note that restoration will erase your data — ensure you have a recent backup. Contact Apple Support if the issue persists."
I want to trade in my old iPhone,Apple,low,respond,Visit apple.com/shop/trade-in to check your device's trade-in value. You can complete the trade-in online or at an Apple Store. The trade-in value is applied as credit toward a new Apple device.
My MacBook screen has dead pixels,Apple,medium,respond_and_escalate,"Dead pixels may be covered under Apple's display quality program. Visit a Genius Bar for an assessment. If within warranty or AppleCare+, the display replacement may be covered at no additional cost."
How do I back up my iPhone,Apple,low,respond,"Back up your iPhone via iCloud by going to Settings → Your Name → iCloud → iCloud Backup → Back Up Now. Alternatively, connect to a Mac and use Finder to create a local backup for free."
My App Store purchase is not showing in my account,Apple,low,respond,"Go to Settings → Your Name → Media and Purchases → Purchase History to verify the transaction. If the purchase is confirmed but the app is not installing, go to the App Store and tap the cloud download icon next to the app."
My iPhone speaker is not working,Apple,medium,respond_and_escalate,"Check that Do Not Disturb and Silent Mode are off. Go to Settings → Sounds and Haptics and adjust the volume. Test with headphones — if they work, the speaker may need repair. Book a Genius Bar appointment."
I want to restore my iPhone from a backup,Apple,low,respond,"During iPhone setup, choose Restore from iCloud Backup or Restore from Mac Backup. Alternatively, go to Settings → General → Transfer or Reset iPhone → Erase All Content and Settings to start fresh and restore from backup."
My MacBook is overheating,Apple,low,respond,"Ensure the MacBook vents are not blocked. Quit resource-intensive apps using Activity Monitor. Clean the fans if accessible. Update macOS to the latest version. If overheating persists, contact Apple Support for a hardware assessment."
I received a suspicious email claiming to be from Apple,Apple,high,escalate,"Do not click any links or enter any credentials. Forward the email to reportphishing@apple.com. If you already clicked a link, change your Apple ID password immediately and enable two-factor authentication."
My iPhone is in recovery mode and I cannot exit,Apple,medium,respond_and_escalate,"Connect your iPhone to a Mac and use Finder to update or restore it. Choose Update first to preserve data. If Update fails, Restore will erase and reinstall iOS. Ensure you have a recent backup before restoring."
My Apple TV is not connecting to my Wi-Fi,Apple,low,respond,"Go to Settings → Network on Apple TV and reconnect to your Wi-Fi network. Restart your router and Apple TV. If the issue persists, reset your Apple TV network settings under Settings → System → Reset → Reset Network Settings."
How do I enable two-factor authentication on my Apple ID,Apple,low,respond,Go to Settings → Your Name → Password and Security → Two-Factor Authentication → Turn On. Follow the prompts to add a trusted phone number. Two-factor authentication adds an extra layer of security to your Apple ID.
My AirPods Pro noise cancellation is not working,Apple,low,respond,Go to Settings → Bluetooth → AirPods Pro (i) → Noise Cancellation and ensure it is enabled. Clean the ear tips as debris can affect noise cancellation. Update AirPods firmware by keeping them in the case near a connected iPhone.
My iPhone microphone is not working during calls,Apple,medium,respond_and_escalate,Test the microphone by recording a voice memo. Check that the microphone is not blocked by a case. Go to Settings → Privacy → Microphone to ensure the Phone app has microphone access. Book a Genius Bar appointment if hardware-related.
My iPad is not connecting to Bluetooth devices,Apple,low,respond,"Toggle Bluetooth off and on in Settings. Forget the device and re-pair it. Restart your iPad. If the issue is with a specific accessory, check the accessory manufacturer's troubleshooting guide."
My Apple Watch keeps disconnecting from my iPhone,Apple,low,respond,"Keep your iPhone and Apple Watch within Bluetooth range. Restart both devices. Disable and re-enable Bluetooth on your iPhone. If the issue continues, unpair and re-pair the watch through the Apple Watch app."
My App Store is not loading,Apple,low,respond,Check your internet connection. Sign out and back in to the App Store under Settings → Your Name → Sign Out. Clear the App Store cache by tapping the App Store tab 10 times rapidly. Update iOS if an update is pending.
I want to know if my Apple device is covered under warranty,Apple,low,respond,Check your warranty status at checkcoverage.apple.com by entering your device serial number. The serial number is found under Settings → General → About. AppleCare+ extends coverage for up to 2 years with accidental damage protection.
My FaceTime calls keep dropping,Apple,low,respond,Ensure a stable internet connection with at least 1 Mbps upload and download speed. Update iOS to the latest version. Sign out of FaceTime under Settings → FaceTime and sign back in. Restart your router if needed.
My iPhone is not receiving text messages,Apple,medium,respond_and_escalate,"Check that your cellular plan is active and you have signal. Go to Settings → Messages and ensure Messages is enabled. Toggle Airplane Mode on and off. If still not receiving, contact your carrier to check if SMS is blocked."
My MacBook Touch ID is not working,Apple,low,respond,"Go to System Settings → Touch ID and Password and re-add your fingerprint. Clean the Touch ID sensor with a dry cloth. If it still fails, restart the MacBook. Persistent issues may require a Genius Bar assessment."
My iPhone is showing no SIM card,Apple,medium,respond_and_escalate,"Remove the SIM tray, clean the SIM card, and reinsert it. Restart your iPhone. If the issue persists, try the SIM in another phone to check if the SIM is faulty. Contact your carrier or Apple Support if the issue continues."
I want to erase my iPhone before selling it,Apple,low,respond,"Before erasing, back up your data. Then go to Settings → General → Transfer or Reset iPhone → Erase All Content and Settings. Sign out of your Apple ID first under Settings → Your Name → Sign Out. This removes all personal data."
My code submission on HackerRank is failing all test cases,HackerRank,low,respond,Review the problem's input/output format carefully — HackerRank requires reading from stdin and writing to stdout. Check your language version under the submission settings. Common issues include trailing spaces or wrong newline handling.
HackerRank IDE is very slow and keeps freezing,HackerRank,low,respond,"Try switching to a different browser or clearing your browser cache. Disable browser extensions that may interfere with the IDE. If the issue persists, copy your code to a local editor, write locally, and paste it back to submit."
My test cases pass locally but fail on HackerRank,HackerRank,low,respond,"Hidden test cases often include edge cases like empty input, maximum integer values, or very large datasets. Review the problem constraints and test your solution against boundary conditions before submitting."
I was flagged for plagiarism on HackerRank,HackerRank,high,escalate,HackerRank's automated plagiarism detection can sometimes flag similar solutions. You can appeal the decision by contacting HackerRank support at support.hackerrank.com with your submission details and explanation.
My HackerRank assessment link is not working,HackerRank,medium,respond_and_escalate,Check that the link has not expired — assessment links are time-bound. Ensure you are using the same email the link was sent to. Contact the recruiter or HackerRank support with the link URL and your account email.
I accidentally submitted the wrong solution on HackerRank,HackerRank,low,respond,"If the assessment is still open, you can resubmit. Go to the challenge and submit your corrected solution. If the assessment window has closed, contact the recruiter explaining the situation — they may be able to reopen it."
HackerRank is showing a compiler error for my code,HackerRank,low,respond,Check that you selected the correct programming language and version in the submission dropdown. Verify that your code compiles correctly locally. Common issues include using language features not supported in the HackerRank environment.
My HackerRank score is not updating after submission,HackerRank,low,respond,"Leaderboard and score updates can take a few minutes after submission. Refresh the page after 5 minutes. If your score still does not update, contact HackerRank support with your submission ID and username."
I cannot access my HackerRank account,HackerRank,medium,respond_and_escalate,"Try resetting your password via the Forgot Password link on the login page. If you cannot access your registered email, contact HackerRank support at support.hackerrank.com with your username and account details."
HackerRank is not compiling my Python code,HackerRank,low,respond,Ensure you selected the correct Python version (Python 2 vs Python 3) in the submission settings. Check for syntax errors that may be version-specific. HackerRank supports Python 3.8 — avoid features from later versions.
My HackerRank contest submission was not recorded,HackerRank,high,escalate,"This is a high-priority issue. Contact HackerRank support immediately with your submission timestamp, contest name, and username. Provide your code as evidence. We have escalated this for urgent review."
How do I improve my HackerRank problem-solving rank,HackerRank,low,respond,"Focus on completing challenges in Algorithms, Data Structures, and Problem Solving sections. Practice sorting, searching, dynamic programming, and graph problems. Consistent practice and participation in contests will improve your rating."
I received a wrong result for a correct solution on HackerRank,HackerRank,medium,respond_and_escalate,"If you believe the expected output is wrong, use the Feedback or Report Issue option on the problem page. Provide your solution and the expected versus actual output. We have flagged this for review."
HackerRank keeps logging me out during an assessment,HackerRank,high,escalate,Session timeouts during assessments are a critical issue. Contact HackerRank support immediately with the assessment link and the time of logout. The recruiter should be notified to allow you to retake or extend the assessment.
My HackerRank certificate is not showing,HackerRank,low,respond,"Certificates are issued after completing a skill certification test with a qualifying score. Go to your HackerRank profile and check the Certificates section. If it is not showing after 24 hours, contact HackerRank support."
I want to know how HackerRank ranks are calculated,HackerRank,low,respond,HackerRank ranks are based on your total score across all solved challenges. Each challenge awards points based on difficulty. Leaderboard rank reflects your score relative to other users in the same domain.
HackerRank is not accepting my input format,HackerRank,low,respond,"Review the problem statement for the exact input format. Many problems require specific whitespace, line break, or delimiter formats. Use the provided sample input to test your parsing logic before submitting."
My HackerRank profile badge is not updating,HackerRank,low,respond,"Badges update periodically after you reach a qualifying score threshold. Ensure you have completed enough challenges in the relevant domain. If it has not updated after 48 hours, contact HackerRank support."
I cannot see the test cases for a HackerRank problem,HackerRank,low,respond,HackerRank only shows sample test cases publicly. Hidden test cases are used to prevent hardcoded solutions. Review the problem constraints and examples carefully to infer what the hidden cases might test.
My HackerRank submission timed out,HackerRank,low,respond,"Timeouts indicate your solution's time complexity is too high. Optimize your algorithm — if using O(n²) loops, consider hash maps or sorting-based O(n log n) approaches. Check the time limit specified in the problem."
HackerRank charged my card for a premium plan I did not sign up for,HackerRank,high,escalate,This is a high-priority billing issue. Contact HackerRank support at support.hackerrank.com immediately with your transaction ID. We have escalated this case for urgent review and refund processing.
I cannot find a specific problem on HackerRank,HackerRank,low,respond,"Use the search bar on the HackerRank Practice page and filter by domain, difficulty, or skill. If you are looking for a problem from a past contest, go to the Contests section and search by contest name."
My HackerRank environment is not supporting a specific library,HackerRank,low,respond,"HackerRank has a fixed set of pre-installed libraries per language. Check the problem's editorial or discussion section to see which libraries are supported. As an alternative, implement the required functionality manually."
I want to know how to read input in HackerRank,HackerRank,low,respond,"HackerRank requires reading from stdin. In Python, use input() or sys.stdin. In Java, use Scanner or BufferedReader. In C++, use cin or scanf. Always refer to the problem's input format section for the exact structure."
I got the correct answer but HackerRank marked it wrong,HackerRank,medium,respond_and_escalate,"Check for trailing spaces, extra newlines, or incorrect data types in your output. If you are confident the answer is correct, use the Report Issue option on the problem page with your solution and output for review."
HackerRank is not loading my past submissions,HackerRank,low,respond,"Past submissions are accessible under the Submissions tab on each challenge page. If they are not loading, try a different browser or clear your cache. Contact HackerRank support if submissions are permanently missing."
I want to prepare for a HackerRank coding interview,HackerRank,low,respond,"Focus on HackerRank's Interview Preparation Kit which covers Arrays, Strings, Sorting, Trees, Graphs, and Dynamic Programming. Practice under timed conditions to simulate the actual interview environment."
My HackerRank test was auto-submitted before I finished,HackerRank,high,escalate,Auto-submission can occur when the assessment timer expires. Contact the recruiter immediately and explain the situation. Also contact HackerRank support with the assessment ID — they may be able to share the submission timestamp.
How do I use the HackerRank code editor effectively,HackerRank,low,respond,"The HackerRank editor supports themes, font size adjustment, and keyboard shortcuts. Use the Run Code button to test with custom input before submitting. You can also switch between languages using the dropdown menu."
I want to know if HackerRank monitors during assessments,HackerRank,low,respond,"HackerRank assessments can include proctoring features such as tab-switch detection, full-screen enforcement, and webcam monitoring depending on the company's settings. Follow the assessment instructions carefully to avoid flags."
I am getting a segmentation fault on HackerRank,HackerRank,low,respond,"Segmentation faults usually indicate out-of-bounds array access, null pointer dereference, or stack overflow due to deep recursion. Review your array indexing and recursion depth. Test with boundary inputs locally."
My HackerRank assessment invitation expired,HackerRank,medium,respond_and_escalate,Contact the recruiter who sent you the assessment link and request a new invitation. Assessment links typically expire after a set period. We have flagged this for follow-up support.
I want to practice SQL on HackerRank,HackerRank,low,respond,Go to HackerRank Practice → Databases → SQL. Problems range from basic SELECT queries to advanced window functions and joins. The SQL editor allows you to run queries against a sample database before submitting.
HackerRank is not recognizing my correct output,HackerRank,low,respond,"Check if your output has any extra spaces, missing newlines, or character encoding issues. HackerRank does exact string matching on output. Even a single extra space can cause a wrong answer verdict."
I want to download my HackerRank submissions,HackerRank,low,respond,HackerRank does not provide a bulk download option for submissions. You can view individual submissions under the challenge's Submissions tab and manually copy your code. Consider maintaining your solutions in a personal GitHub repository.
My HackerRank rank dropped after a contest,HackerRank,low,respond,Contest rankings are recalculated after the contest ends based on the full set of submissions and participants. Rank changes are normal. Focus on improving your solutions and participating in more contests to improve your standing.
I want to know the passing score for HackerRank certification,HackerRank,low,respond,HackerRank skill certifications require a minimum score of 50-60% depending on the certification type. Scores above 70% are typically considered advanced. Check the certification page for the specific passing criteria.
HackerRank is giving me a wrong answer on the last test case,HackerRank,low,respond,"The last test case is often the largest or most complex edge case. Common failures involve integer overflow, memory limit exceeded, or incorrect handling of zero or negative values. Review your logic for extreme input sizes."
My HackerRank account was banned,HackerRank,high,escalate,Account bans are issued for violations of HackerRank's Terms of Service including plagiarism and cheating. Contact HackerRank support at support.hackerrank.com to appeal the ban with supporting evidence. We have escalated this case.
I cannot submit more than once on a HackerRank challenge,HackerRank,low,respond,"Some challenges and assessments restrict multiple submissions. Practice challenges typically allow unlimited retries. If you are in an assessment, check the rules for the number of allowed attempts. Contact the recruiter if you need an additional attempt."
My Claude API key is not working,Claude,medium,respond_and_escalate,Verify that your API key starts with sk-ant and is correctly set in the x-api-key header. Regenerate a new key at console.anthropic.com → API Keys if needed. Ensure the key has not been revoked or rate-limited.
I am getting a 401 error on the Claude API,Claude,medium,respond_and_escalate,A 401 error means your API key is invalid or missing. Confirm the key is correctly set in the Authorization or x-api-key header. Generate a new key at console.anthropic.com if the current one is not working.
Claude API is returning a 429 rate limit error,Claude,medium,respond_and_escalate,"You have exceeded your rate limit. Wait for the rate limit window to reset — typically one minute. To avoid this, implement exponential backoff in your retry logic. You can apply for a higher rate limit tier at console.anthropic.com."
I am being charged more than expected on Claude API,Claude,medium,respond_and_escalate,Go to console.anthropic.com → Usage to see a breakdown of your token consumption by model and date. Input and output tokens are billed separately. Consider using prompt caching to reduce costs by up to 90% for repeated prompts.
Claude is not following my system prompt,Claude,low,respond,"Ensure the system prompt is passed in the system field, not in the user messages array. The system prompt sets the AI's behavior for the entire conversation. Make your instructions explicit and specific to get consistent results."
Claude API is giving inconsistent responses,Claude,low,respond,"Inconsistent responses can be reduced by lowering the temperature parameter (0.0-0.3 for deterministic output). Also set a fixed seed if your SDK supports it. Use explicit, detailed prompts to reduce ambiguity in the model's interpretation."
How do I use function calling in the Claude API,Claude,low,respond,Pass your function definitions in the tools parameter of the API request as a structured array. Claude will return a tool_use block when it wants to call a function. Process the tool result and pass it back in a tool_result block.
Claude is generating harmful content in my application,Claude,high,escalate,This is a high-priority safety case. Review and strengthen your system prompt to explicitly prohibit harmful output. Contact Anthropic support at support.anthropic.com with examples of the harmful output for review.
My Claude API request is timing out,Claude,low,respond,"Complex prompts can take 30-60 seconds to complete. Increase your HTTP client timeout setting. Use streaming (stream: true) to receive partial responses as they generate, which prevents client-side timeout on long responses."
I want to know Claude API pricing,Claude,low,respond,"Claude API pricing is based on tokens consumed. Check the latest pricing at anthropic.com/api for input and output token rates by model. Claude Haiku is the most cost-effective, while Claude Opus offers the most capability."
How do I enable streaming on the Claude API,Claude,low,respond,Set stream: true in your API request body. Your client will then receive server-sent events with each token as it is generated. Use an SSE-compatible HTTP client to handle the streaming response correctly.
I want to reduce my Claude API costs,Claude,low,respond,"Use prompt caching for repeated system prompts — it can reduce costs by up to 90%. Use Claude Haiku for classification and simple tasks, reserving Sonnet or Opus for complex reasoning. Set appropriate max_tokens limits."
Claude is not remembering previous messages in my app,Claude,low,respond,Claude has no built-in memory between API calls. You must include the full conversation history in each request's messages array. Implement your own conversation management system to maintain context across turns.
My Claude API account was suspended,Claude,high,escalate,Account suspensions are issued for violations of Anthropic's usage policy. Contact Anthropic support at support.anthropic.com with your account details and usage context to appeal the suspension. We have escalated this.
How do I count tokens in a Claude API request,Claude,low,respond,Use the Anthropic tokenizer library or the API's token counting endpoint to estimate tokens before sending a request. This helps you manage context window usage and optimize costs by trimming unnecessary context.
Claude API is returning an empty response,Claude,medium,respond_and_escalate,"Empty responses can occur due to content filtering triggering a stop, max_tokens set too low, or a network issue. Check the stop_reason field in the response. Increase max_tokens if the response is being cut short."
I want to use Claude for my enterprise application,Claude,low,respond,"Contact Anthropic's sales team at anthropic.com/contact-sales for enterprise pricing, SLAs, dedicated capacity, and compliance information. Enterprise plans offer higher rate limits and custom agreements."
Claude is refusing to answer questions it should be able to answer,Claude,low,respond,Claude's safety guidelines may be triggering on certain topics. Review your system prompt to ensure you are not inadvertently restricting Claude's behavior. You can also adjust the prompt framing to make the request clearer and more specific.
My Claude API free credits have run out,Claude,low,respond,"Free trial credits are a one-time allocation for new accounts. After they are exhausted, add a payment method at console.anthropic.com → Billing to continue using the API. Set a usage limit to control your monthly spend."
How do I switch from Claude Sonnet to Claude Haiku in my API calls,Claude,low,respond,"Change the model field in your API request from claude-sonnet-4-6 to claude-haiku-4-5-20251001. Haiku is faster and cheaper, ideal for classification, extraction, and simpler tasks. Test thoroughly after switching to ensure output quality meets your needs."
Claude API is not working with my Python SDK,Claude,low,respond,Ensure you have the latest version of the Anthropic Python SDK installed: pip install anthropic --upgrade. Check that your API key is correctly set via the ANTHROPIC_API_KEY environment variable or passed directly to the Anthropic client.
How do I implement prompt caching in the Claude API,Claude,low,respond,"Add a cache_control block with type: ephemeral to the content you want to cache, typically your system prompt or large reference documents. Cached content is stored for up to 5 minutes and reused across calls, significantly reducing input token costs."
I want to build a RAG system using Claude API,Claude,low,respond,"Retrieve relevant documents from your vector database, include them in the user message as context, and instruct Claude to answer based only on the provided context. Use prompt caching for large static knowledge bases to reduce costs."
Claude is producing hallucinated information in my application,Claude,medium,respond_and_escalate,"Reduce hallucinations by providing explicit reference documents in the prompt and instructing Claude to only answer from the provided context. Use a lower temperature setting. For factual applications, always implement a verification step."
How do I set a spending limit on my Claude API account,Claude,low,respond,Go to console.anthropic.com → Billing → Usage Limits and set a monthly spending cap. You will receive an email notification when you approach the limit. The API will stop processing requests once the limit is reached.
Claude API is down or not responding,Claude,high,escalate,"Check the Anthropic status page at status.anthropic.com for any ongoing incidents. If there is no reported outage and the issue persists, contact Anthropic support with your request details and error messages."
I want to analyze images with the Claude API,Claude,low,respond,"Claude's vision capability allows image analysis. Pass images as base64-encoded content in the messages array with type: image and source.type: base64. Supported formats are JPEG, PNG, GIF, and WebP."
How do I get a Claude API key,Claude,low,respond,Sign up at console.anthropic.com and navigate to API Keys → Create New Key. Store the key securely as it will only be shown once. Set it as the ANTHROPIC_API_KEY environment variable in your application.
I want to know Claude's context window size,Claude,low,respond,"Claude's context window varies by model. Claude Haiku supports 200K tokens, Claude Sonnet supports 200K tokens, and Claude Opus supports 200K tokens. The context window includes both input (prompt + history) and output tokens."
My Claude API batch processing job failed,Claude,medium,respond_and_escalate,Check the batch job status at console.anthropic.com → Batch API. Failed jobs include error details in the results file. Common causes include malformed requests or rate limit exceeded. Retry failed requests individually to isolate the issue.
How do I migrate from GPT to Claude API,Claude,low,respond,"The Claude API uses a similar messages format to OpenAI. Key differences: use x-api-key instead of Authorization: Bearer, the system prompt goes in a system field (not as a system role message), and response content is in content[0].text."
I want to fine-tune Claude for my use case,Claude,low,respond,"Anthropic does not currently offer public fine-tuning for Claude. Instead, use few-shot prompting with examples in your system prompt or messages to guide Claude's behavior. Contact Anthropic sales for enterprise custom model options."
Claude is generating very long responses when I need short ones,Claude,low,respond,Add explicit length instructions to your system prompt such as 'Respond in 2-3 sentences only' or 'Be concise and direct'. You can also set max_tokens to limit response length. Providing an example of the desired response format also helps.
I want to use Claude API in my Node.js application,Claude,low,respond,"Install the Anthropic Node.js SDK: npm install @anthropic-ai/sdk. Import and initialize with your API key: const client = new Anthropic(). Use client.messages.create() with your model, max_tokens, and messages parameters."
How do I handle Claude API errors in my application,Claude,low,respond,"Wrap API calls in try-catch blocks. Handle 401 (invalid key), 429 (rate limit — implement exponential backoff), 500 (server error — retry after delay), and 529 (overloaded — retry with backoff). Log the error type and request ID for debugging."
My Netflix account was hacked,Netflix,high,escalate,Go to Account → Security → Sign out of all devices immediately and change your password. Enable two-factor authentication. Contact Netflix support to report unauthorized access. We have escalated this as a high-priority case.
I was charged for Netflix after cancelling,Netflix,medium,respond_and_escalate,"Contact Netflix support with your cancellation confirmation date. If cancelled before the renewal date, Netflix will issue a refund. We have flagged this for priority review and refund processing."
Netflix is not playing videos on my TV,Netflix,low,respond,Restart your TV and the Netflix app. Check your internet speed — Netflix requires at least 5 Mbps for HD streaming. Sign out and back in to your Netflix account. Update the Netflix app if an update is pending.
Netflix keeps buffering,Netflix,low,respond,Slow buffering is usually caused by a slow internet connection. Run a speed test and ensure you have at least 5 Mbps for HD. Switch to a lower video quality under Account → Playback Settings. Restart your router if needed.
I cannot download Netflix content for offline viewing,Netflix,low,respond,Downloads require a Netflix Standard or Premium plan — the Basic with Ads plan does not support downloads. Ensure you have sufficient device storage. Titles must be available for download in your region.
Netflix charged me in the wrong currency,Netflix,medium,respond_and_escalate,"Netflix charges in the currency of the country associated with your payment method. If the currency is incorrect, update your payment method to a local card or UPI. Contact Netflix support for a billing adjustment."
My Netflix subscription auto-renewed and I want a refund,Netflix,medium,respond_and_escalate,Contact Netflix support within 7 days of the renewal charge. Refunds are assessed case by case. Go to netflix.com/contact-us for live chat support. We have flagged this for priority review.
I cannot add a Netflix profile,Netflix,low,respond,"The number of profiles depends on your plan — Basic supports 1, Standard supports 2, and Premium supports 4. If you have reached your limit, you must delete an existing profile to add a new one."
Netflix shows are not available in my region,Netflix,low,respond,Netflix content varies by region due to licensing agreements. Using a VPN to access content from other regions violates Netflix's Terms of Service. Content libraries are regularly updated — check back as new titles are added.
My Netflix payment failed,Netflix,low,respond,Update your payment method under Account → Manage Payment Info. Ensure your card details are correct and the card has not expired. Netflix will retry the payment automatically — you can also retry manually from your account page.
How do I link my Visa card to PhonePe,Visa,low,respond,"Open PhonePe, go to My Money → Bank Accounts → Add Bank Account. Select your bank and link your Visa debit card using your registered mobile number and debit card details for UPI payments."
My Visa card is not working on PhonePe,Visa,low,respond,Ensure your card is linked correctly under My Money in PhonePe. Check that the mobile number registered with your bank matches your PhonePe number. Contact your bank to confirm online and UPI transactions are enabled.
I want to block my Visa card immediately,Visa,high,escalate,"Block your card immediately through your bank's mobile app under Card Settings → Block Card, or call your bank's 24/7 helpline. We have escalated this as a high-priority case. Your bank will issue a replacement within 5-10 business days."
How do I add my Visa card to Paytm,Visa,low,respond,"Open Paytm, go to Passbook → Add Money → Add a Debit/Credit Card. Enter your Visa card number, expiry date, and CVV. Complete the OTP verification sent to your registered mobile number."
My Visa card transaction is showing as pending for a week,Visa,medium,respond_and_escalate,Pending transactions older than 7 days should have settled. Contact your bank with the transaction ID to request it be settled or released. We have flagged this for follow-up.
I want to apply for a Visa credit card,Visa,low,respond,"Visit your preferred bank's website or nearest branch to apply for a Visa credit card. Eligibility is based on your income, credit score, and employment status. The approval process typically takes 7-14 business days."
I received a call asking for my Visa card OTP — is it genuine,Visa,high,escalate,Never share your OTP with anyone — not even bank representatives. This is a phishing scam. Hang up immediately. Contact your bank to report the attempt and verify your account security. We have escalated this case.
My Visa card cashback is not credited,Visa,low,respond,Cashback is credited based on your card's reward program terms — typically within 30-90 days after the qualifying transaction. Check your bank's rewards portal for the credit timeline. Contact your bank if it is overdue.
I want to know my Visa card bill due date,Visa,low,respond,Your bill due date is shown in your monthly credit card statement and in your bank's mobile app under Credit Card → Statement. Set up autopay to avoid late payment fees.
My Visa card was cloned at an ATM,Visa,high,escalate,This is a critical fraud case. Block your card immediately and file a fraud report with your bank. Report the ATM to the bank that operates it. Your bank will reverse unauthorized transactions under Visa Zero Liability.
Amazon delivery is a day late,Amazon,low,respond,"Minor delivery delays can occur due to logistics. Check your tracking link for the latest update. If the new estimated delivery date passes without delivery, go to Your Orders → Problem with Order → Package didn't arrive."
I want to know Amazon's refund timeline,Amazon,low,respond,Amazon refunds are processed within 3-5 business days after the return is received. Refunds to credit/debit cards take an additional 2-3 business days to reflect. Instant refunds are available for Amazon Pay balance.
My Amazon order shows two shipments but I only received one,Amazon,medium,respond_and_escalate,Check Your Orders for both shipment tracking details. Report the missing shipment under Problem with Order → Missing items. We have flagged this for follow-up to ensure the second shipment is traced or replaced.
I want to know if an Amazon product is genuine,Amazon,low,respond,"Look for the Sold by Amazon label or the Fulfilled by Amazon badge on the product page. Check seller ratings and reviews. For branded electronics, verify the product on the brand's official website using the serial number."
My Amazon account shows a different shipping address,Amazon,high,escalate,An unauthorized address change indicates possible account compromise. Change your password and review all recent orders immediately. Contact Amazon support to secure your account. We have escalated this as a high-priority security case.
I want to gift an Amazon order to someone,Amazon,low,respond,"During checkout, select the delivery address of the recipient and check the option to add a gift message. Choose gift wrapping if available. The price will not be shown on the packing slip for gift orders."
Amazon Prime is not giving me free delivery,Amazon,low,respond,Ensure your Prime membership is active under Your Account → Prime Membership. Free delivery applies to Prime-eligible items — look for the Prime badge on the product page. Some sellers may not offer Prime delivery.
I received an Amazon order without an invoice,Amazon,low,respond,"Most Amazon orders include a packing slip. For a full invoice, go to Your Orders → Invoice for each order. If you need a GST invoice, ensure your GST number is saved in your account under Account → GST Number."
My Amazon Pay balance is missing,Amazon,medium,respond_and_escalate,"Go to Your Account → Amazon Pay → Balance to check your transaction history. If the balance is missing, contact Amazon support with a screenshot of the previous balance. We have flagged this for review."
I want to know how to use Amazon Pay Later,Amazon,low,respond,Amazon Pay Later allows you to make purchases and pay within 30 days or in EMIs. It is available on eligible accounts. Go to Amazon Pay → Amazon Pay Later to check eligibility and activate it if available.
My iPhone notch camera has a green dot showing unexpectedly,Apple,medium,respond_and_escalate,"A green dot indicates an app is using your camera. Check which app by swiping down the Control Centre — it shows the last app to use the camera. If it is an unrecognized app, revoke its camera access under Settings → Privacy → Camera."
How do I transfer data from Android to iPhone,Apple,low,respond,"During iPhone setup, use the Move to iOS app on your Android phone to wirelessly transfer contacts, messages, photos, and app data. Connect both phones to the same Wi-Fi network and follow the on-screen instructions."
My Apple ID is locked,Apple,medium,respond_and_escalate,Go to appleid.apple.com and follow the steps to unlock your Apple ID. You may need to verify your identity using your trusted phone number or answer security questions. Contact Apple Support if you cannot unlock it online.
My iPhone hotspot is not working,Apple,low,respond,Go to Settings → Personal Hotspot and ensure it is enabled. Check that your carrier plan includes hotspot functionality. Toggle Airplane Mode on and off. Restart your iPhone. Contact your carrier if hotspot is not included in your plan.
I accidentally deleted important photos from my iPhone,Apple,low,respond,"Go to Photos → Albums → Recently Deleted — photos are kept for 30 days before permanent deletion. Restore them from there. If they have been permanently deleted, check your iCloud backup under Settings → Your Name → iCloud → Manage Storage."
My Face ID is not working on iPhone,Apple,low,respond,"Go to Settings → Face ID and Passcode and reset Face ID by deleting and re-adding your face. Ensure your face is not obstructed and the TrueDepth camera is clean. If Face ID still fails, contact Apple Support for a hardware assessment."
My iPhone is not connecting to Wi-Fi,Apple,low,respond,Forget the network under Settings → Wi-Fi → (Network Name) → Forget and reconnect. Reset network settings under Settings → General → Transfer or Reset → Reset Network Settings. This will also reset Bluetooth and VPN settings.
My Apple TV remote is not working,Apple,low,respond,"Charge the Siri Remote using a USB-C or Lightning cable. Hold the Back and Volume Down buttons for 5 seconds to reset the remote. If it still does not work, go to Apple TV Settings → Remotes and Devices → Bluetooth to reconnect."
I want to know how to use Screen Time on iPhone,Apple,low,respond,"Go to Settings → Screen Time to set daily app limits, downtime schedules, and content restrictions. Use a Screen Time passcode to prevent children from changing the settings. Reports show daily and weekly usage by app category."
My iPhone is showing low storage even after deleting apps,Apple,low,respond,"Other data such as cached files, offline maps, and message attachments can consume significant storage. Go to Settings → General → iPhone Storage for storage recommendations. Offloading unused apps retains the app's documents and data."
I want to know how HackerRank proctoring works,HackerRank,low,respond,"HackerRank proctoring can include tab-switch detection, webcam snapshots, and full-screen enforcement. These features are configured by the company administering the test. Follow the assessment instructions carefully to avoid unintentional flags."
My HackerRank IDE is showing a syntax error for valid code,HackerRank,low,respond,Ensure the correct language version is selected in the submission dropdown. Different versions support different syntax — for example Python 3.8 does not support all Python 3.10 features. Test your code locally first.
How do I practice system design on HackerRank,HackerRank,low,respond,"HackerRank focuses primarily on coding challenges. For system design practice, use the Interview Preparation Kit's Problem Solving section. Supplement with resources like system design primers on GitHub or dedicated platforms."
I want to know HackerRank's difficulty levels,HackerRank,low,respond,"HackerRank categorizes challenges into Easy, Medium, Hard, and Expert levels. Easy problems typically involve basic data structures, while Expert problems require advanced algorithms like segment trees or suffix arrays."
My HackerRank code is giving the right answer but exceeding memory limit,HackerRank,low,respond,"Memory limit exceeded errors occur when your solution uses too much RAM. Optimize by using in-place algorithms, avoiding unnecessary copies of large data structures, and using generators instead of lists where possible."
Can I use external libraries in HackerRank submissions,HackerRank,low,respond,HackerRank provides a fixed set of pre-installed libraries. You cannot install external packages. Check the problem's environment details or editorial to see what is available. Popular libraries like NumPy and collections are usually pre-installed.
I want to know my HackerRank percentile score,HackerRank,low,respond,Your HackerRank percentile is shown on your profile under each domain such as Problem Solving or SQL. It represents your performance relative to all users who have attempted the same challenges in that domain.
HackerRank is showing a different score than I expected,HackerRank,low,respond,Scores are based on the percentage of test cases passed and the difficulty of the problem. Partial scoring awards points for each passing test case. Review the problem's scoring section to understand how points are allocated.
I want to know if HackerRank certifications are recognized by employers,HackerRank,low,respond,"HackerRank certifications are recognized by many technology companies and can be shared on your LinkedIn profile. They validate specific technical skills like Problem Solving, SQL, Python, and Java to a recognized industry standard."
My HackerRank contest ended while I was mid-submission,HackerRank,high,escalate,"Contact HackerRank support at support.hackerrank.com immediately with your submission timestamp, contest name, and code. We have escalated this as a high-priority case for the contest administration team to review."
I want to use Claude for content moderation,Claude,low,respond,Claude can be used for content moderation by providing clear guidelines in the system prompt about what constitutes violating content. Use structured output to get consistent classification results. Test extensively with diverse edge cases before deployment.
How do I pass conversation history to Claude API,Claude,low,respond,Include the full conversation history in the messages array with alternating user and assistant roles. Claude has no built-in memory between API calls — you must send the complete conversation context in each request.
Claude API is returning truncated responses,Claude,low,respond,"Increase the max_tokens parameter in your API request. Claude stops generating when it reaches the max_tokens limit. For long documents or detailed responses, set max_tokens to 4096 or higher depending on your use case."
I want to use Claude for PDF analysis,Claude,low,respond,"Pass PDF content as base64-encoded data in the messages array using the document content type. Claude can analyze, summarize, and answer questions about PDF documents within its context window limit."
How do I get Claude to respond in JSON format,Claude,low,respond,"Include explicit instructions in your system prompt: 'Respond only in valid JSON format with no markdown or explanation.' For structured outputs, provide an example JSON schema. Claude will follow the format consistently when instructed clearly."
I want to use Claude API for my chatbot,Claude,low,respond,Use the messages API with a strong system prompt defining your chatbot's persona and constraints. Maintain conversation history in your application and pass it with each API call. Use streaming for a responsive chat experience.
My Claude API responses are not in the language I requested,Claude,low,respond,Specify the language requirement explicitly in your system prompt: 'Always respond in Hindi' or 'Respond in the same language as the user.' Claude can handle multilingual conversations when clearly instructed.
I want to know Claude's safety policies,Claude,low,respond,"Claude's usage policies are available at anthropic.com/usage-policy. Claude refuses to generate content that is harmful, illegal, or violates its guidelines. Contact Anthropic support if you believe a refusal was incorrect for your legitimate use case."
How do I use Claude API for document summarization,Claude,low,respond,"Pass the document text in the user message and instruct Claude to summarize it. For very long documents, split them into sections and summarize each section, then ask Claude to combine the summaries. Use prompt caching for repeated documents."
Claude API is generating content that violates my platform guidelines,Claude,high,escalate,Strengthen your system prompt with explicit restrictions and examples of prohibited content. Implement a secondary content filter in your application. Contact Anthropic support with examples of the violating content for guidance on prompt engineering.
Netflix is showing someone else's watch history,Netflix,high,escalate,Shared watch history indicates possible unauthorized account access. Change your Netflix password immediately and sign out of all devices under Account → Security. Contact Netflix support. We have escalated this as a high-priority security case.
I want to know how to share my Netflix account,Netflix,low,respond,"Netflix's current policy allows account sharing only with people in the same household. To add an extra member outside your household, you can purchase an extra member slot on eligible Standard or Premium plans."
Netflix subtitles are not working,Netflix,low,respond,"Go to the video player and tap the Speech Bubble icon to enable subtitles. If subtitles are still not working, change the language under the same menu. Reinstalling the Netflix app can resolve subtitle display issues on some devices."
My Netflix resolution is stuck at low quality,Netflix,low,respond,"Go to Account → Playback Settings and set the data usage to High or Auto. On mobile, disable data-saving mode under Account → Mobile Data Usage. Ensure your internet connection is fast enough for the selected quality."
Netflix is not remembering my watching progress,Netflix,low,respond,"Progress syncing requires a stable internet connection while streaming. Ensure you are signed into the correct Netflix profile. If the issue persists, sign out and back in to refresh your viewing data from Netflix's servers."
I want to set a travel notification on my Visa card,Visa,low,respond,Contact your bank's customer service or update your travel preferences in the mobile banking app. Informing your bank of your travel dates and destinations prevents fraud blocks on international transactions.
My Visa card payment bounced,Visa,medium,respond_and_escalate,A bounced payment can occur due to insufficient funds or a bank block. Check your account balance and any restrictions. Contact your bank to understand the reason and retry the payment after resolving the issue.
I want to know if my Visa card has purchase protection,Visa,low,respond,Many Visa cards include purchase protection for eligible items against theft or accidental damage. Check your card's benefit guide or contact your bank to understand the coverage terms and how to file a claim.
How do I use my Visa card for EMI payments,Visa,low,respond,"At checkout, select the EMI payment option and choose your preferred tenure. Your bank must support EMI on your Visa credit card. Processing fees and interest rates vary — check with your bank before selecting an EMI plan."
I received a Visa card statement with an incorrect address,Visa,low,respond,Update your address with your bank under Account Settings → Personal Information or by visiting a branch. Request a corrected statement to be sent to your new address. Keeping your address updated ensures secure delivery of statements.
My Visa card was charged for a cancelled airline ticket,Visa,medium,respond_and_escalate,"Contact the airline first to confirm the cancellation and expected refund timeline. If the airline does not refund within 7-10 business days, file a chargeback with your bank. We have flagged this for follow-up."
I want to convert my Visa card purchase to EMI,Visa,low,respond,Contact your bank to convert a recent purchase to EMI. Most banks allow EMI conversion within 30 days of the transaction. Log in to your bank's app and look for the Convert to EMI option under recent transactions.
My Visa debit card daily limit is too low,Visa,low,respond,Contact your bank to request an increase in your daily transaction limit. This can usually be done via the mobile banking app under Card Settings → Transaction Limits or by calling customer service.
I was charged a processing fee on my Visa card EMI,Visa,low,respond,"Processing fees on EMI transactions are standard and vary by bank and tenure. Check your card agreement or the EMI terms before converting. If the fee was not disclosed, contact your bank to clarify or dispute it."
How do I use Visa offers and cashback deals,Visa,low,respond,Visit your bank's website or the Visa Offers portal to see available deals. Offers are automatically applied when you pay using your eligible Visa card at participating merchants. No additional steps are needed to activate most offers.
My Visa card reward points are expiring,Visa,low,respond,"Check your reward points expiry date through your bank's app or rewards portal. Redeem points before they expire against statement credit, travel bookings, or merchandise. Some banks allow points renewal for a fee."
I want to add a nominee to my Visa card account,Visa,low,respond,Nominee additions for card accounts are typically done through your bank. Visit a branch or check if your bank's mobile app supports this feature under Account Settings. Nominees for savings accounts also cover linked debit cards.
My Visa card was not accepted at a petrol pump,Visa,low,respond,Some petrol pumps require a minimum transaction or specific card types. Ensure your card has sufficient balance including the pre-authorization hold (usually Rs 1-5000). Contact your bank if contactless or chip payment is not working.
I want to apply for a Visa card upgrade,Visa,low,respond,"Contact your bank to request an upgrade to a higher-tier Visa card such as Signature or Infinite. Eligibility is based on your spending history, credit score, and income. Your existing card number may change upon upgrade."
My Visa contactless transaction limit is too low,Visa,medium,respond_and_escalate,"Contactless limits are set by your bank as per RBI guidelines. For higher-value contactless transactions, use chip and PIN. Contact your bank to understand if the limit can be raised for your specific card type."
I accidentally paid the wrong person using my Visa card,Visa,high,escalate,"Contact your bank immediately with the transaction details. Banks can sometimes facilitate recovery if the recipient's bank cooperates. The sooner you report it, the higher the chance of recovery. We have escalated this case."
My Visa card billing cycle changed without my knowledge,Visa,low,respond,Billing cycle changes can occur when you upgrade or downgrade your card. Contact your bank to understand why the cycle changed and to request it be restored if possible. Review your next statement date carefully.
I want to know my Visa card's interest rate,Visa,low,respond,Your credit card interest rate (APR) is specified in your card agreement and welcome kit. Log in to your bank's app or call customer service to confirm the current rate. The rate is applied only on unpaid balances after the due date.
My Visa card payment was debited twice from my account,Visa,high,escalate,This is a critical billing error. Contact your bank immediately with both transaction references. Duplicate debits are usually corrected within 24-48 hours. We have escalated this for immediate review.
I want to use my Visa card for international online shopping,Visa,low,respond,Ensure your bank has enabled international online transactions for your Visa card. Go to the bank's mobile app under Card Settings → International Usage to enable it. Also inform your bank of the purchase to prevent fraud alerts.
I want to know Amazon's seller fees,Amazon,low,respond,"Amazon seller fees include referral fees (percentage of sale price), fulfillment fees for FBA, and monthly subscription fees for Professional accounts. Visit sellercentral.amazon.in for a detailed fee schedule by category."
My Amazon Kindle ebook is not syncing,Amazon,low,respond,"Go to Your Account → Content and Devices → Devices and ensure your Kindle is registered. Sync manually by going to Home → Menu → Sync on your Kindle. If the book is not downloading, delete and re-download it from your library."
I want to know how to sell on Amazon,Amazon,low,respond,"Register at sellercentral.amazon.in with your business details, bank account, and GST number. Choose between Individual and Professional selling plans. List your products and select Fulfillment by Amazon (FBA) or self-fulfillment."
My Amazon order shows a different price than expected,Amazon,medium,respond_and_escalate,"The price shown at order confirmation is the final price. If the price changed between adding to cart and checkout, prices can fluctuate. Contact Amazon support if you believe there is a billing error. We have flagged this for review."
I received an Amazon product without a warranty card,Amazon,low,respond,"Warranty cards are provided by the manufacturer, not Amazon. Check the product box thoroughly. Register the product warranty directly on the manufacturer's website using the serial number. Contact the seller for missing warranty documents."
My Amazon Fresh order has a missing grocery item,Amazon,low,respond,Report missing items immediately under Your Orders → Problem with Order → Missing items for Amazon Fresh. Amazon typically issues an instant refund for missing fresh items. Contact Amazon Fresh support within 24 hours.
I want to dispute an Amazon transaction on my credit card,Amazon,medium,respond_and_escalate,"Contact Amazon support first via Your Orders → Contact Us for a resolution. If unresolved within 7 days, file a dispute with your bank or credit card issuer. Provide the order ID and transaction details when filing the dispute."
My Amazon Prime Music is not playing,Amazon,low,respond,Sign out of Amazon Music and sign back in. Clear the app cache or reinstall Amazon Music. Ensure your Prime subscription is active under Your Account → Prime Membership. Update the app to the latest version.
I want to use Amazon Pay for offline payments,Amazon,low,respond,"Amazon Pay UPI can be used at physical stores displaying the UPI QR code. Open the Amazon app, go to Amazon Pay → Scan and Pay, and scan the merchant's QR code to complete the payment using your Amazon Pay balance or linked bank account."
Amazon tracking says delivered 3 days ago but I have not received it,Amazon,high,escalate,This is a high-priority case. Go to Your Orders → Problem with Order → Package did not arrive immediately. Amazon will investigate with the carrier and either send a replacement or issue a full refund. We have escalated this for urgent review.
My iPhone Bluetooth is not working,Apple,low,respond,"Toggle Bluetooth off and on in Settings → Bluetooth. Forget the Bluetooth device and re-pair it. Restart your iPhone. If the issue persists, reset network settings under Settings → General → Transfer or Reset → Reset Network Settings."
My MacBook camera is not working on Zoom,Apple,low,respond,"Ensure Zoom has camera access under System Settings → Privacy and Security → Camera. Quit and relaunch Zoom. If the camera works in other apps but not Zoom, try uninstalling and reinstalling Zoom."
My iPhone is not making calls,Apple,medium,respond_and_escalate,Check that your cellular plan is active and you have signal. Toggle Airplane Mode on and off. Restart your iPhone. Contact your carrier to confirm there are no issues with your account or line. We have flagged this for follow-up.
My MacBook Pro fan is very loud,Apple,low,respond,High fan noise indicates the processor is under heavy load. Check Activity Monitor for processes consuming high CPU. Ensure the MacBook vents are not blocked. Update macOS to the latest version. Contact Apple Support if the fan is unusually loud at idle.
I want to know how to use AirDrop on iPhone,Apple,low,respond,"Enable AirDrop under Settings → General → AirDrop. Choose Everyone for 10 Minutes or Contacts Only. To share, tap the Share button in any app and select AirDrop. Both devices must have Bluetooth and Wi-Fi enabled."
My iPhone is not vibrating,Apple,low,respond,Check that the Silent switch on the side is not on. Go to Settings → Sounds and Haptics and ensure both Vibrate on Ring and Vibrate on Silent are enabled. Test with a call or message. Contact Apple Support if hardware vibration has failed.
My MacBook battery health is degrading fast,Apple,medium,respond_and_escalate,Battery health below 80% qualifies for a battery replacement under AppleCare+ at a reduced cost. Check battery health under System Settings → Battery → Battery Health. Book a Genius Bar appointment for assessment. We have flagged this.
My iPhone is not backing up to iCloud,Apple,low,respond,Ensure iCloud Backup is enabled under Settings → Your Name → iCloud → iCloud Backup. Connect to Wi-Fi and plug in your iPhone. Check that you have sufficient iCloud storage. Tap Back Up Now to initiate a manual backup.
I want to track a lost AirPod,Apple,low,respond,"Open the Find My app on your iPhone and select your AirPods to see their last known location. Enable Lost Mode in Find My to lock them. If within Bluetooth range, play a sound to locate them. Out of range, the location updates when near any Apple device."
My Apple subscription auto-renewed without notification,Apple,medium,respond_and_escalate,Apple sends renewal reminder emails before the charge. Check your registered email including spam. Go to Settings → Your Name → Subscriptions and cancel to prevent future renewals. Contact Apple Support to request a refund if charged unexpectedly.
I want to know how to solve dynamic programming problems on HackerRank,HackerRank,low,respond,"Start with the HackerRank Dynamic Programming section under Practice → Algorithms. Begin with memoization problems before moving to tabulation. Classic problems include Fibonacci, coin change, longest common subsequence, and knapsack."
My HackerRank environment is showing import errors for standard libraries,HackerRank,low,respond,"Ensure you are using the correct language version. Standard libraries like collections, math, and itertools are pre-installed in Python. For Java, util.* is available. If a specific import fails, check the problem environment details."
I want to know how to use a custom test case on HackerRank,HackerRank,low,respond,"In the HackerRank IDE, click the Custom Input button and enter your test case in the text box. Click Run Code to test against your custom input. This helps verify your solution before submitting against the actual test cases."
HackerRank is showing a wrong answer for my correct solution,HackerRank,medium,respond_and_escalate,"Double-check your output format including whitespace, newlines, and data types. Use the Custom Input feature to replicate the failing test case. If you are confident the answer is correct, report it via the problem's feedback option."
I want to know how to solve graph problems on HackerRank,HackerRank,low,respond,Practice BFS and DFS traversal problems first. Then move to shortest path problems using Dijkstra and Bellman-Ford. HackerRank's Graphs section under Algorithms covers all major graph problem types with increasing difficulty.
My HackerRank profile is not visible to employers,HackerRank,low,respond,"Go to your HackerRank profile settings and ensure your profile is set to Public and that you have enabled sharing your profile with employers. Complete your profile with your skills, certifications, and work experience for better visibility."
I want to know HackerRank's contest rules,HackerRank,low,respond,"Contest rules are posted on each contest's information page. Generally, you can submit multiple times and the best score counts. Plagiarism is prohibited and submissions are monitored. Refer to the specific contest page for its rules."
I want to attempt HackerRank Week of Code,HackerRank,low,respond,Week of Code is a 7-day algorithmic contest held periodically on HackerRank. Watch the HackerRank Contests section for upcoming editions. Register before the start date and solve as many challenges as possible within the week.
How do I choose the right data structure for a HackerRank problem,HackerRank,low,respond,Read the problem constraints carefully. Arrays work for fixed-size sequential data. Hash maps provide O(1) lookups. Trees handle hierarchical data. Queues are for BFS and stacks for DFS. The problem's time limit guides your complexity target.
My HackerRank job application was rejected after the coding test,HackerRank,low,respond,HackerRank scores are one part of the hiring decision. Ask the recruiter for feedback. Review your performance on the specific topics that appeared. Practice similar problem types on HackerRank's Interview Preparation Kit.
I want to use Claude for code generation,Claude,low,respond,"Provide clear specifications in your prompt including language, functionality, and edge cases. Use system prompts to set the coding style and conventions. Review generated code thoroughly before using in production. Claude works best with explicit, detailed requirements."
How do I use Claude API for data extraction,Claude,low,respond,"Pass the text or document to Claude with explicit extraction instructions. Use structured output prompts to get consistent JSON or CSV results. For large documents, split them into sections and extract from each section separately."
Claude API is not available in my country,Claude,low,respond,"Anthropic's API availability varies by region. Check the current supported regions at anthropic.com. For enterprise access in unsupported regions, contact Anthropic sales at anthropic.com/contact-sales to discuss options."
I want to know the difference between Claude models,Claude,low,respond,"Claude Haiku is the fastest and most cost-effective, ideal for classification and simple tasks. Claude Sonnet balances speed and capability for most use cases. Claude Opus is the most powerful for complex reasoning tasks. Choose based on your speed, cost, and quality requirements."
How do I implement tool use with Claude API,Claude,low,respond,"Define your tools as a JSON array in the tools parameter. Each tool needs a name, description, and input schema. Claude will call tools by returning a tool_use block. Pass the tool result back in a tool_result content block to continue the conversation."
My Claude API key was exposed in my code repository,Claude,high,escalate,Revoke the exposed key immediately at console.anthropic.com → API Keys. Generate a new key and update all your applications. Review your git history to assess how long the key was exposed. Check your API usage for any unauthorized activity.
I want to use Claude for translation,Claude,low,respond,"Claude can translate between most major languages. Include the source and target language in your prompt. For large volumes, use the API with batch processing. Claude handles nuanced translation including idioms and cultural context better than literal translation."
How do I reduce Claude API latency for my application,Claude,low,respond,Use streaming to show partial responses immediately. Use Claude Haiku for simpler tasks requiring speed. Optimize your prompt length — shorter prompts process faster. Use prompt caching for repeated system prompts to reduce processing time.
I want to know how to test my Claude integration,Claude,low,respond,Write unit tests that mock the Anthropic API response to test your application logic. Test with various prompt variations to ensure consistent output. Use the API's debug mode or logging to capture full request and response details for troubleshooting.
Claude is generating code with security vulnerabilities,Claude,high,escalate,This is a safety concern. Strengthen your system prompt to explicitly prohibit insecure coding patterns. Always code review Claude's output for security issues before deployment. Contact Anthropic support with examples of the vulnerable output for guidance.
I cannot sign in to Netflix,Netflix,medium,respond_and_escalate,"Reset your Netflix password at netflix.com/loginhelp. If you subscribed through a third party like your mobile carrier, sign in through them. Contact Netflix support if you cannot access your registered email. We have flagged this for follow-up."
My Netflix plan downgraded automatically,Netflix,medium,respond_and_escalate,Netflix can downgrade plans in regions with pricing changes or if there are payment issues. Check your payment method under Account → Manage Payment Info. Contact Netflix support to restore your plan and request a refund for any missed features.
I want to know if Netflix is available offline,Netflix,low,respond,Netflix allows downloading content for offline viewing on mobile and tablet devices with Standard or Premium plans. Go to the title → Download icon. Downloads expire after a set period depending on the title.
Netflix is removing a show I want to watch,Netflix,low,respond,"Netflix content changes due to licensing agreements. If a show is leaving soon, a notification appears on the title page. Download it for offline viewing before it is removed if downloads are supported. Check if it is available on other platforms."
I want to know how many screens Netflix allows simultaneously,Netflix,low,respond,"Netflix Standard allows 2 simultaneous screens and Premium allows 4. Basic supports 1 screen. If you are getting a simultaneous stream error, someone else may be using your account — check Account → Recent Device Streaming Activity."
I want to know Netflix's cancellation refund policy,Netflix,low,respond,"Netflix does not offer prorated refunds for cancelling mid-billing-cycle — you retain access until the end of the current period. If charged in error or immediately after signup, contact Netflix support to request a refund."
My Netflix app keeps crashing on my smart TV,Netflix,low,respond,Restart your TV and check for Netflix app updates. Uninstall and reinstall the Netflix app if updates do not resolve the crashing. Check your TV manufacturer's support page for known Netflix compatibility issues.
I want to know if Netflix has a family plan,Netflix,low,respond,Netflix does not have a dedicated family plan but supports up to 4 profiles on the Premium plan for household members. Extra member slots can be purchased for people outside your household on eligible plans.
Netflix billing date changed unexpectedly,Netflix,low,respond,Billing dates can shift due to payment retries after a failed charge or plan changes. Check your billing details under Account → Billing details. Contact Netflix support if the change seems incorrect.
I want to know how to change my Netflix plan,Netflix,low,respond,"Go to Account → Plan Details → Change Plan. Select your preferred plan and confirm. Upgrades take effect immediately with a prorated charge, while downgrades take effect at the next billing cycle."
Netflix parental controls are not blocking mature content,Netflix,medium,respond_and_escalate,Set a PIN and maturity rating for the specific profile under Account → Profile → Parental Controls. Ensure the correct profile is selected when the child is watching. Contact Netflix support if restrictions are not being enforced correctly.
I want to know if my Netflix device is registered correctly,Netflix,low,respond,Check your registered devices under Account → Recent Device Streaming Activity. This shows all devices that have streamed on your account recently. Remove any unrecognized devices and change your password if needed.
Netflix keeps asking me to verify my household,Netflix,low,respond,Netflix periodically verifies your primary location matches your Netflix household using Wi-Fi network checks. Verify using the code sent via email or text when connected to your home Wi-Fi network.
I want to know Netflix's video download limits,Netflix,low,respond,"Netflix limits the number of downloaded titles and devices depending on your plan. Downloads also expire after 48 hours once you start watching, or up to 7 days if unwatched, depending on the title's licensing terms."
My Netflix continue watching list is not updating,Netflix,low,respond,Ensure you are watching on a stable internet connection so your progress syncs. Sign out and sign back in to refresh your continue watching list. Check that you are on the correct profile.